X,Y,StateAbbr,StateDesc,PlaceName,PlaceFIPS,TotalPopulation,CSMOKING_CrudePrev,CSMOKING_Crude95CI,CSMOKING_AdjPrev,CSMOKING_Adj95CI,DEPRESSION_CrudePrev,DEPRESSION_Crude95CI,DEPRESSION_AdjPrev,DEPRESSION_Adj95CI,OBESITY_CrudePrev,OBESITY_Crude95CI,OBESITY_AdjPrev,OBESITY_Adj95CI
"-72.3930975","42.26798151",MA,Massachusetts,Belchertown,"2504790","2899","12.5","( 9.8, 14.7)","12.2","( 9.5, 14.8)","20.3","(19.0, 21.6)","20.5","(19.2, 21.9)","22.6","(21.2, 24.1)","22","(20.6, 23.5)"
"-70.98311223","42.6694146",MA,Massachusetts,Boxford,"2507385","2343","8.6","( 6.2, 11.4)","8.6","( 6.5, 11.2)","17.5","(16.4, 18.9)","18.5","(17.4, 19.9)","23.5","(21.8, 25.2)","21.9","(20.5, 23.4)"
"-71.52214356","42.27268028",MA,Massachusetts,Cordaville,"2515340","2650","10.8","( 8.7, 14.0)","10","( 8.1, 12.0)","17.2","(16.4, 18.3)","17.4","(16.6, 18.3)","27.1","(25.9, 28.4)","24.8","(23.8, 25.8)"
"-72.10865002","42.12269045",MA,Massachusetts,Fiskdale,"2523840","2583","13","(10.6, 15.8)","13","(10.6, 15.5)","18.8","(17.9, 19.7)","19.3","(18.4, 20.3)","28.7","(27.4, 29.9)","28.1","(26.8, 29.3)"
"-71.81560139","42.59124027",MA,Massachusetts,Fitchburg,"2523875","40318","17.5","(16.5, 18.4)","18.4","(17.4, 19.3)","20.2","(19.8, 20.6)","20.2","(19.7, 20.6)","31.8","(31.4, 32.2)","32.9","(32.5, 33.3)"
"-71.98675562","42.58451537",MA,Massachusetts,Gardner,"2525485","20228","18.3","(17.1, 19.5)","18.6","(17.3, 20.0)","20.3","(19.8, 20.8)","20.7","(20.2, 21.3)","32.1","(31.5, 32.7)","32.1","(31.4, 32.7)"
"-72.599467","42.37611513",MA,Massachusetts,Hatfield,"2529230","1318","11.9","( 8.4, 14.3)","12.1","( 9.3, 14.9)","19.6","(18.3, 20.9)","20.7","(19.4, 22.1)","23.1","(21.4, 24.7)","22.1","(20.7, 23.7)"
"-70.482765","41.56487285",MA,Massachusetts,New Seabury,"2545500","717","9.3","( 7.2, 11.4)","11","( 8.7, 13.7)","17.1","(15.9, 18.3)","19","(17.9, 20.2)","23.9","(22.2, 25.8)","23.9","(22.4, 25.5)"
"-71.17568756","41.7269559",MA,Massachusetts,Somerset,"2562465","18165","14","(12.6, 15.6)","15","(13.6, 16.6)","20.9","(20.2, 21.6)","22.2","(21.6, 23.0)","25","(24.2, 25.7)","24.9","(24.2, 25.7)"
"-70.71950425","42.0964512",MA,Massachusetts,Marshfield,"2538820","4335","12.2","(10.6, 14.3)","12.5","(10.9, 14.3)","18","(17.4, 18.7)","18.9","(18.1, 19.7)","23.2","(22.4, 24.1)","22.5","(21.7, 23.4)"
"-71.4727473","42.53525228",MA,Massachusetts,Littleton Common,"2536020","2789","9.8","( 7.5, 12.1)","9.5","( 7.3, 12.4)","18.1","(17.0, 19.2)","18.6","(17.5, 19.8)","21.7","(20.3, 23.1)","20.7","(19.4, 22.0)"
"-70.65943071","41.53041139",MA,Massachusetts,Woods Hole,"2581245","781","8.5","( 6.9, 10.4)","9.7","( 7.9, 11.9)","17.2","(16.4, 18.1)","18.5","(17.7, 19.5)","22.3","(21.2, 23.6)","22.8","(21.7, 23.9)"
"-70.49966687","41.7570591",MA,Massachusetts,Sandwich,"2559700","2962","12.2","( 8.6, 14.9)","13.5","(10.2, 16.9)","19","(17.6, 20.4)","20.7","(19.4, 22.3)","25.5","(23.9, 27.4)","25.2","(23.5, 26.9)"
"-71.05757895","42.43050109",MA,Massachusetts,Malden,"2537875","59450","13.6","(13.0, 14.3)","13.4","(12.8, 14.1)","17.6","(17.3, 17.9)","17.4","(17.1, 17.7)","23.4","(23.2, 23.7)","23.5","(23.2, 23.8)"
"-72.31115356","42.18879525",MA,Massachusetts,Palmer Town,"2552144","12134","16.8","(15.2, 18.2)","17.3","(15.7, 19.0)","21.8","(21.2, 22.6)","22.4","(21.7, 23.2)","29.9","(29.0, 30.8)","29.6","(28.7, 30.5)"
"-72.98095873","42.28276428",MA,Massachusetts,Chester,"2513450","627","15.2","(12.1, 17.6)","15.5","(12.5, 18.8)","20.7","(19.5, 22.2)","21.1","(19.7, 22.6)","28.9","(27.3, 30.5)","27.9","(26.3, 29.6)"
"-71.18351214","42.11739803",MA,Massachusetts,Sharon,"2560820","5658","8.8","( 7.3, 10.4)","8.5","( 7.1, 10.2)","17","(16.2, 17.8)","17.4","(16.7, 18.3)","23.2","(22.3, 24.3)","21.9","(21.1, 22.9)"
"-71.71207505","42.07792765",MA,Massachusetts,East Douglas,"2518875","2557","13.9","(11.2, 16.6)","13.2","(10.4, 16.0)","19.4","(18.3, 20.5)","19.5","(18.4, 20.6)","28.7","(27.0, 30.5)","27.8","(26.2, 29.4)"
"-70.94751396","42.19411079",MA,Massachusetts,Weymouth Town,"2578972","53743","12.8","(12.1, 13.8)","13","(12.2, 13.8)","19","(18.7, 19.3)","19.4","(19.0, 19.7)","25.5","(25.0, 25.9)","25","(24.6, 25.4)"
"-70.94107264","41.8620075",MA,Massachusetts,North Lakeville,"2548220","2630","13.4","(10.7, 15.9)","13.8","(10.6, 17.0)","18.2","(17.0, 19.5)","19","(17.7, 20.4)","23.7","(22.2, 25.2)","23","(21.5, 24.5)"
"-70.10264919","41.69200169",MA,Massachusetts,Northwest Harwich,"2549700","3929","12.5","(10.8, 14.3)","13.8","(11.7, 16.1)","19","(18.2, 19.9)","20.8","(19.9, 21.7)","25.3","(24.2, 26.3)","25.3","(24.2, 26.3)"
"-70.71476824","41.74248877",MA,Massachusetts,Wareham Center,"2573020","2896","17.3","(13.7, 20.2)","18","(14.8, 21.4)","20.1","(19.0, 21.5)","21","(19.7, 22.4)","27.4","(26.0, 28.7)","27","(25.5, 28.4)"
"-71.30319216","42.18701647",MA,Massachusetts,Medfield,"2539730","6483","8.7","( 6.8, 10.8)","8.5","( 7.1, 10.4)","17.2","(16.5, 18.1)","18","(17.2, 18.8)","23.4","(22.5, 24.5)","22.4","(21.5, 23.4)"
"-71.20977777","41.7281835",MA,Massachusetts,Ocean Grove,"2550880","2811","16.5","(14.0, 19.4)","16.7","(13.5, 19.8)","22.2","(21.0, 23.6)","22.9","(21.6, 24.3)","26.7","(25.2, 28.1)","26.2","(24.7, 27.6)"
"-70.60764903","41.45660692",MA,Massachusetts,Vineyard Haven,"2571970","2114","15.2","(12.4, 17.9)","15.4","(12.2, 18.8)","20.3","(19.0, 21.7)","20.8","(19.4, 22.2)","25.9","(24.1, 27.6)","25.3","(23.6, 27.0)"
"-72.04362942","42.68093061",MA,Massachusetts,Winchendon,"2580370","4213","16.6","(14.0, 18.9)","17","(14.4, 19.5)","20.2","(19.2, 21.2)","20.4","(19.4, 21.4)","29.9","(28.7, 31.1)","30.5","(29.3, 31.6)"
"-72.92413358","42.17806727",MA,Massachusetts,Blandford,"2506050","393","15.8","(13.1, 19.0)","15.4","(12.5, 18.5)","20.9","(19.6, 22.3)","21.5","(20.1, 22.8)","28.8","(27.0, 30.5)","27.8","(26.2, 29.5)"
"-71.64502488","42.31103175",MA,Massachusetts,Northborough,"2546785","6167","10.7","( 9.3, 12.4)","10.6","( 9.1, 12.4)","17.3","(16.6, 18.0)","17.9","(17.3, 18.7)","26.4","(25.4, 27.3)","25.6","(24.8, 26.5)"
"-72.65256268","42.06573409",MA,Massachusetts,Agawam Town,"2500840","28438","13.9","(12.9, 15.1)","14.6","(13.5, 15.7)","20.4","(19.9, 20.8)","21.3","(20.8, 21.8)","27.8","(27.2, 28.4)","27.6","(27.0, 28.2)"
"-71.04308568","41.93271058",MA,Massachusetts,Raynham Center,"2556095","4100","13.2","(11.3, 15.2)","13","(10.8, 15.1)","20.9","(19.9, 21.8)","21.1","(20.1, 22.0)","24.7","(23.6, 25.7)","23.9","(22.9, 24.9)"
"-71.279314","42.4582336",MA,Massachusetts,Hanscom AFB,"2528425","1394","9.1","( 6.7, 11.7)",,,"18.8","(17.7, 19.9)",,,"20.9","(19.7, 22.1)",,
"-71.09716235","42.47408935",MA,Massachusetts,Stoneham,"2567700","21437","10.2","( 9.1, 11.3)","10.5","( 9.4, 11.7)","17.8","(17.3, 18.4)","18.6","(18.1, 19.2)","21.5","(20.9, 22.1)","21.1","(20.6, 21.7)"
"-71.27416772","42.24744324",MA,Massachusetts,Dover,"2517370","2265","7.3","( 5.3, 10.4)","7.3","( 5.3,  9.7)","16.3","(15.3, 17.5)","17.1","(16.1, 18.2)","22.4","(21.0, 23.9)","20.8","(19.6, 22.1)"
"-71.51670712","42.14771054",MA,Massachusetts,Milford,"2541200","25055","16.4","(15.0, 17.9)","16.3","(15.0, 17.7)","19.8","(19.3, 20.3)","20","(19.4, 20.5)","30.4","(29.7, 31.0)","30.1","(29.5, 30.7)"
"-71.24107729","42.28137149",MA,Massachusetts,Needham,"2544140","28886","7.8","( 7.0,  9.0)","8","( 7.1,  9.1)","16.1","(15.7, 16.6)","17","(16.6, 17.5)","22","(21.5, 22.6)","21.3","(20.8, 21.9)"
"-71.16390797","42.41866143",MA,Massachusetts,Arlington,"2501640","42844","8.1","( 7.4,  8.8)","7.9","( 7.2,  8.7)","16.8","(16.5, 17.1)","17.2","(16.9, 17.6)","20.1","(19.8, 20.5)","19.4","(19.1, 19.8)"
"-71.20842576","42.33160123",MA,Massachusetts,Newton,"2545560","85146","7","( 6.7,  7.4)","7.4","( 7.1,  7.9)","16.5","(16.2, 16.8)","16.8","(16.6, 17.1)","18.7","(18.5, 18.9)","18.9","(18.7, 19.1)"
"-70.59996588","41.88819167",MA,Massachusetts,The Pinehills,"2569585","955","9.8","( 7.0, 13.6)","10.7","( 8.0, 13.9)","16.5","(15.1, 17.9)","18.2","(17.0, 19.6)","22.9","(20.9, 24.8)","21.6","(20.2, 23.1)"
"-71.23395545","42.53335572",MA,Massachusetts,Pinehurst,"2553680","7152","12.5","(10.6, 14.2)","12","(10.2, 13.8)","18.7","(17.9, 19.7)","18.8","(18.0, 19.7)","22.3","(21.4, 23.3)","21.3","(20.5, 22.2)"
"-71.6168463","42.26717597",MA,Massachusetts,Westborough,"2575050","4045","11.7","( 9.1, 14.4)","11.6","( 9.0, 14.5)","17.8","(16.8, 19.1)","18.2","(17.1, 19.4)","27.2","(25.7, 28.8)","26.6","(25.2, 28.1)"
"-72.60240162","42.54634331",MA,Massachusetts,Deerfield,"2516635","643","13.7","(10.0, 18.7)","13.1","(10.1, 16.3)","20.5","(19.1, 22.1)","20.5","(19.1, 22.1)","26","(24.1, 27.9)","24.6","(23.1, 26.2)"
"-73.36265561","42.24878796",MA,Massachusetts,Housatonic,"2531295","1109","15.2","(12.7, 18.0)","15.3","(12.9, 17.7)","20.3","(19.3, 21.2)","20.9","(20.0, 21.9)","25","(23.8, 26.2)","24.5","(23.3, 25.6)"
"-72.86417286","42.19648568",MA,Massachusetts,Russell,"2558615","786","15.1","(12.0, 18.3)","15.3","(12.3, 18.5)","21.3","(20.0, 22.6)","21.6","(20.3, 23.0)","28.6","(27.0, 30.2)","27.9","(26.3, 29.3)"
"-71.45610558","42.42639489",MA,Massachusetts,Maynard,"2539660","10106","10.1","( 8.7, 11.7)","9.8","( 8.1, 11.6)","18.4","(17.6, 19.2)","18.6","(17.8, 19.5)","21.8","(20.8, 22.8)","20.9","(19.9, 21.8)"
"-70.51230228","41.56610773",MA,Massachusetts,Seconsett Island,"2560627","100","10.4","( 6.7, 13.4)",,,"18.9","(17.5, 20.4)",,,"24.3","(22.3, 26.3)",,
"-71.61403171","42.17642486",MA,Massachusetts,Upton,"2571445","3013","10.6","( 7.9, 13.4)","10.2","( 7.6, 13.0)","17.9","(16.8, 19.1)","18.3","(17.2, 19.6)","27","(25.4, 28.6)","25.9","(24.3, 27.5)"
"-70.1656608","41.66640162",MA,Massachusetts,West Dennis,"2575820","2242","10.8","( 9.1, 12.7)","12.5","(10.7, 14.6)","17.9","(17.1, 18.7)","20.2","(19.4, 21.1)","24.2","(23.0, 25.3)","24.5","(23.5, 25.5)"
"-71.58479098","42.56137883",MA,Massachusetts,Ayer,"2503040","2868","10.5","( 8.0, 13.9)","10.3","( 8.1, 12.9)","18.1","(17.0, 19.3)","18.4","(17.3, 19.7)","21.9","(20.7, 23.2)","21.7","(20.5, 22.9)"
"-73.25039808","42.30685029",MA,Massachusetts,Lee,"2534620","2051","13.1","(10.6, 15.5)","14.3","(11.5, 16.9)","19.5","(18.3, 20.8)","20.1","(18.9, 21.5)","22.7","(21.4, 23.9)","23.4","(22.0, 24.6)"
"-72.30480889","42.09898407",MA,Massachusetts,Monson Center,"2542180","2107","15.1","(12.9, 17.2)","15.2","(13.0, 17.3)","21.6","(20.6, 22.5)","21.9","(20.9, 22.8)","27.9","(26.6, 29.0)","27.7","(26.4, 28.8)"
"-71.56341072","42.66532511",MA,Massachusetts,East Pepperell,"2520310","2059","12.5","( 9.6, 14.9)","12.4","( 9.9, 15.0)","19.9","(18.6, 21.2)","19.9","(18.6, 21.1)","23.4","(22.0, 24.8)","22.7","(21.3, 24.0)"
"-71.80794075","42.27054324",MA,Massachusetts,Worcester,"2582000","181045","17.3","(16.9, 17.7)","18.2","(17.8, 18.6)","19.9","(19.7, 20.1)","19.6","(19.4, 19.8)","32.2","(32.0, 32.4)","33.5","(33.3, 33.7)"
"-71.20268287","42.50215344",MA,Massachusetts,Burlington,"2509875","24498","9.3","( 8.4, 10.3)","9.4","( 8.4, 10.5)","16.6","(16.1, 17.1)","17","(16.5, 17.5)","20.2","(19.6, 20.7)","19.7","(19.1, 20.2)"
"-71.32973314","41.8882459",MA,Massachusetts,North Seekonk,"2549200","2692","12.7","(10.0, 15.3)","12.8","( 9.9, 15.7)","20.8","(19.4, 22.2)","21.4","(19.9, 22.9)","24.4","(22.9, 25.9)","23.8","(22.3, 25.2)"
"-72.03376693","42.06043374",MA,Massachusetts,Southbridge Town,"2563345","16719","19.7","(18.4, 21.2)","20.2","(18.9, 21.5)","20.7","(20.2, 21.2)","21","(20.5, 21.5)","34.2","(33.6, 34.8)","34.4","(33.9, 35.0)"
"-72.59855977","42.61402749",MA,Massachusetts,Greenfield Town,"2527100","17456","16.2","(15.0, 17.8)","16.8","(15.4, 18.3)","21.3","(20.7, 21.9)","22","(21.4, 22.6)","27","(26.2, 27.7)","27","(26.3, 27.8)"
"-70.84153305","42.83651574",MA,Massachusetts,Salisbury,"2559210","4869","13.3","(11.0, 15.3)","13.6","(11.3, 15.9)","19.6","(18.7, 20.6)","20.3","(19.2, 21.2)","26","(24.8, 27.2)","25.2","(24.1, 26.4)"
"-71.11240675","41.66262418",MA,Massachusetts,North Westport,"2549710","4575","15.1","(11.0, 18.2)","16","(12.8, 19.3)","21.6","(20.2, 23.1)","22.8","(21.3, 24.4)","25.5","(24.1, 26.9)","25.2","(23.8, 26.5)"
"-71.47608788","42.09397924",MA,Massachusetts,Bellingham,"2504965","4854","12.6","(10.3, 15.5)","12.4","( 9.8, 15.0)","19.3","(18.1, 20.4)","19.4","(18.2, 20.6)","25.2","(23.8, 26.6)","24.4","(23.0, 25.8)"
"-72.7561042","42.13819242",MA,Massachusetts,Westfield,"2576030","41094","14.5","(13.4, 15.8)","15.5","(14.3, 16.6)","21.5","(21.0, 22.0)","21.7","(21.1, 22.1)","27.6","(27.0, 28.1)","28.5","(27.8, 29.0)"
"-72.433447","42.70927704",MA,Massachusetts,Northfield,"2547800","1089","14.2","(11.2, 17.7)","14.6","(11.4, 18.1)","20.4","(19.0, 22.0)","21.5","(19.9, 23.0)","25.2","(23.4, 27.0)","24.6","(22.9, 26.2)"
"-72.49254446","42.57922837",MA,Massachusetts,Millers Falls,"2541410","1139","16","(14.3, 17.7)","16.1","(14.0, 18.1)","21.5","(20.7, 22.3)","21.8","(20.9, 22.6)","26.5","(25.4, 27.5)","26.2","(25.2, 27.2)"
"-70.9019129","42.81324242",MA,Massachusetts,Newburyport,"2545245","17416","10.2","( 8.8, 11.9)","10.1","( 8.8, 11.6)","18.6","(18.0, 19.3)","19.4","(18.7, 20.1)","24.8","(24.0, 25.7)","23.7","(22.9, 24.6)"
"-71.16540581","42.56091555",MA,Massachusetts,Wilmington,"2580195","22325","11.3","( 9.9, 12.8)","11.2","( 9.9, 12.5)","18.6","(18.0, 19.2)","18.9","(18.3, 19.6)","22.1","(21.4, 22.8)","21.3","(20.6, 22.0)"
"-70.61133619","41.74965395",MA,Massachusetts,Buzzards Bay,"2510015","3859","11.7","( 8.8, 15.2)","14.7","(11.7, 17.9)","19.4","(17.7, 21.5)","20.4","(19.1, 21.8)","21.9","(20.1, 23.5)","25.3","(23.7, 26.9)"
"-70.46078711","41.57619552",MA,Massachusetts,Popponesset,"2555070","220","8.6","( 6.2, 10.7)","11.3","( 8.2, 14.3)","16.2","(15.0, 17.4)","19.6","(18.4, 20.8)","22.8","(20.9, 24.7)","23.8","(22.2, 25.4)"
"-73.28545754","42.35874887",MA,Massachusetts,Lenox,"2534935","1675","9.3","( 7.2, 11.3)","12","( 9.2, 15.3)","16.4","(15.3, 17.8)","19.6","(18.4, 21.1)","20.2","(18.7, 21.8)","22.1","(20.7, 23.7)"
"-71.109201","42.42390827",MA,Massachusetts,Medford,"2539835","56173","10.3","( 9.6, 11.1)","10.7","(10.0, 11.5)","18.1","(17.8, 18.5)","18.2","(17.9, 18.6)","21.5","(21.1, 21.8)","22.1","(21.7, 22.4)"
"-70.97487499","41.97282989",MA,Massachusetts,Bridgewater Town,"2508130","26563","14.6","(13.4, 16.0)","15.1","(13.9, 16.4)","19.4","(18.8, 20.0)","18.8","(18.3, 19.4)","24","(23.3, 24.6)","24.6","(24.0, 25.2)"
"-71.70032875","42.43226207",MA,Massachusetts,South Lancaster,"2564460","1894","13.6","(11.4, 16.8)","14.2","(11.6, 17.2)","19.3","(18.2, 20.6)","19.4","(18.3, 20.7)","28.8","(27.6, 30.1)","28.9","(27.7, 30.2)"
"-71.21805564","42.02249279",MA,Massachusetts,Mansfield Center,"2538230","7360","11.8","( 9.4, 13.8)","11.4","( 9.2, 13.7)","20.1","(19.1, 21.2)","20.2","(19.2, 21.3)","23.5","(22.4, 24.7)","22.9","(21.8, 24.0)"
"-70.63895731","41.79328787",MA,Massachusetts,White Island Shores,"2579390","2106","19.5","(17.3, 22.4)","18.7","(16.1, 21.4)","20.9","(19.8, 22.1)","20.5","(19.4, 21.6)","27","(25.7, 28.3)","26.1","(25.0, 27.3)"
"-70.670061","41.74991692",MA,Massachusetts,Onset,"2551160","1573","16.3","(14.1, 18.2)","17.4","(15.1, 19.7)","19","(18.1, 20.0)","19.8","(18.9, 20.8)","26.2","(25.1, 27.2)","26.3","(25.2, 27.2)"
"-71.72696936","42.59342091",MA,Massachusetts,Lunenburg,"2537385","1760","14.3","(11.7, 16.5)","14.3","(11.9, 16.6)","19.1","(18.2, 20.0)","19.9","(18.9, 20.9)","29.6","(28.3, 30.9)","28.7","(27.5, 29.9)"
"-72.06345449","42.10011396",MA,Massachusetts,Sturbridge,"2568120","2253","13.7","(10.6, 16.9)","13","(10.0, 16.1)","18.9","(17.8, 20.0)","19","(17.8, 20.2)","29.2","(27.5, 30.9)","27.9","(26.3, 29.5)"
"-70.68215737","42.04297735",MA,Massachusetts,Duxbury,"2517860","1802","8.5","( 6.8, 10.4)","8.7","( 7.1, 10.7)","16.1","(15.4, 17.0)","17.2","(16.5, 18.1)","21.6","(20.6, 22.7)","20.4","(19.5, 21.4)"
"-71.52282346","42.22357668",MA,Massachusetts,Hopkinton,"2531050","2550","7.7","( 6.2,  9.5)","7.8","( 6.1,  9.6)","16.9","(16.1, 17.7)","17.7","(16.9, 18.6)","19.9","(19.0, 20.8)","19.4","(18.5, 20.3)"
"-71.01546385","42.46883505",MA,Massachusetts,Saugus,"2560050","26637","14.7","(13.5, 15.9)","15.1","(13.9, 16.5)","19.9","(19.3, 20.5)","20.5","(20.0, 21.2)","26.6","(26.0, 27.3)","26.3","(25.6, 26.9)"
"-70.67002499","41.95320933",MA,Massachusetts,Plymouth,"2554275","7494","14.5","(12.3, 16.6)","14.9","(12.8, 17.1)","18.9","(18.1, 19.8)","19.4","(18.6, 20.4)","23.9","(22.9, 24.9)","23.9","(22.9, 24.9)"
"-72.18864928","42.21544179",MA,Massachusetts,Warren,"2573055","1405","16.9","(13.6, 19.9)","17.2","(13.7, 20.7)","20.4","(19.2, 21.7)","20.7","(19.5, 22.0)","30.9","(29.3, 32.4)","30.8","(29.1, 32.2)"
"-70.60816863","41.73450422",MA,Massachusetts,Bourne,"2507140","1418","13.3","(10.4, 15.6)","14.2","(11.4, 17.0)","19.1","(18.0, 20.2)","20.5","(19.4, 21.8)","26.1","(24.6, 27.6)","25.4","(23.9, 26.8)"
"-70.83072324","42.67922127",MA,Massachusetts,Ipswich,"2532275","4222","12.4","(10.0, 15.2)","12.8","(10.1, 15.5)","19.3","(18.2, 20.4)","19.9","(18.8, 21.1)","25.7","(24.3, 27.1)","25.3","(24.0, 26.8)"
"-70.1567585","41.7013319",MA,Massachusetts,South Dennis,"2563655","3643","13.9","(11.6, 16.2)","15.6","(12.7, 18.2)","19.6","(18.6, 20.6)","21.5","(20.3, 22.7)","26.1","(24.7, 27.4)","26.3","(24.8, 27.6)"
"-72.08421064","42.2711685",MA,Massachusetts,North Brookfield,"2547100","2265","15.5","(12.9, 18.7)","16.2","(12.9, 19.3)","20.2","(18.9, 21.5)","20.6","(19.3, 22.0)","29.5","(27.8, 30.9)","29.4","(27.7, 30.9)"
"-72.74334878","42.60627093",MA,Massachusetts,Shelburne Falls,"2561205","1731","13.9","(10.9, 17.3)","14.2","(11.2, 17.5)","20.4","(19.1, 21.9)","21.2","(19.9, 22.7)","25.6","(24.0, 27.3)","25.2","(23.6, 26.9)"
"-70.03505791","41.70777361",MA,Massachusetts,East Harwich,"2519400","4872","12.1","(10.2, 14.5)","13.3","(10.9, 15.7)","18.9","(17.9, 19.9)","20.6","(19.6, 21.7)","25.2","(23.9, 26.5)","25.1","(23.8, 26.3)"
"-71.10557343","42.53505482",MA,Massachusetts,Reading,"2556165","24747","8.5","( 7.3,  9.5)","8.4","( 7.3,  9.6)","17.3","(16.8, 18.0)","17.8","(17.3, 18.4)","20.5","(19.8, 21.1)","19.7","(19.1, 20.4)"
"-71.0905","42.77452585",MA,Massachusetts,Haverhill,"2529405","60879","15.6","(14.9, 16.3)","15.4","(14.7, 16.3)","20.6","(20.3, 20.9)","20.7","(20.3, 21.0)","28.1","(27.8, 28.5)","27.8","(27.5, 28.2)"
"-71.0655908","42.50350423",MA,Massachusetts,Wakefield,"2572250","24932","10.2","( 9.2, 11.6)","10.1","( 9.0, 11.3)","18.3","(17.7, 18.8)","18.7","(18.2, 19.2)","21.4","(20.8, 22.0)","20.8","(20.3, 21.4)"
"-71.93838491","42.61381135",MA,Massachusetts,South Ashburnham,"2562780","1062","12.8","(10.3, 15.4)","13","(10.3, 15.9)","18.9","(17.8, 20.1)","19.2","(18.0, 20.3)","27.8","(26.2, 29.2)","27.3","(25.8, 28.7)"
"-71.66886415","42.1145316",MA,Massachusetts,Whitinsville,"2579495","6704","15.1","(12.6, 18.6)","15.2","(12.3, 17.8)","19.9","(18.8, 21.1)","20.3","(19.1, 21.4)","29.3","(27.8, 30.6)","29","(27.6, 30.3)"
"-70.96622762","42.47834849",MA,Massachusetts,Lynn,"2537490","90329","17.5","(17.0, 18.0)","17.6","(17.2, 18.1)","19.8","(19.6, 20.0)","19.7","(19.5, 19.9)","30.1","(29.9, 30.3)","30.3","(30.1, 30.6)"
"-71.869584","42.11755612",MA,Massachusetts,Oxford,"2551790","6103","17","(14.0, 20.6)","16.9","(13.9, 19.9)","20.2","(19.1, 21.5)","20.7","(19.5, 21.9)","31","(29.5, 32.6)","30.1","(28.7, 31.7)"
"-71.14183483","42.65539231",MA,Massachusetts,Andover,"2501430","8762","8.9","( 7.9, 10.3)","10","( 8.8, 11.3)","18.1","(17.4, 18.9)","18.9","(18.3, 19.7)","22.5","(21.8, 23.3)","23.6","(22.9, 24.3)"
"-71.1935275","41.97249091",MA,Massachusetts,Norton Center,"2550005","2671","10.9","( 8.2, 13.3)","14.6","(11.9, 17.4)","23.6","(21.1, 26.2)","21.1","(19.9, 22.3)","20","(18.2, 21.6)","25.6","(24.2, 26.9)"
"-72.8822326","42.24078348",MA,Massachusetts,Huntington,"2531750","936","16.2","(13.3, 19.2)","15.7","(12.7, 18.9)","21.6","(20.3, 23.1)","21.8","(20.4, 23.2)","24.8","(23.1, 26.4)","24.2","(22.6, 25.7)"
"-70.80776","41.67263936",MA,Massachusetts,Mattapoisett Center,"2539485","2915","11.1","( 8.8, 13.5)","11.7","( 9.2, 14.4)","17.1","(16.1, 18.3)","18.4","(17.3, 19.7)","22.3","(20.9, 23.9)","21.7","(20.3, 23.2)"
"-70.2049465","41.73498563",MA,Massachusetts,Dennis,"2516740","2407","10.6","( 7.4, 13.3)","12.6","( 9.6, 16.1)","17.7","(16.4, 19.0)","20.4","(19.1, 22.0)","24.2","(22.5, 25.9)","24.4","(22.8, 26.0)"
"-70.75498852","41.78999746",MA,Massachusetts,West Wareham,"2578410","2064","15.7","(12.5, 18.7)","17.5","(14.7, 20.3)","18.5","(17.5, 19.6)","20","(19.0, 21.2)","25.5","(24.2, 26.7)","25.4","(24.1, 26.7)"
"-70.99195049","41.64315866",MA,Massachusetts,Smith Mills,"2562300","4773","15.5","(12.3, 18.8)","16.7","(13.3, 19.9)","21.3","(20.0, 22.5)","22.7","(21.3, 24.1)","25.6","(24.2, 27.0)","25.8","(24.4, 27.2)"
"-73.36216354","42.193581",MA,Massachusetts,Great Barrington,"2526780","2231","14.7","(11.6, 17.6)","14.9","(11.9, 17.9)","19.4","(18.2, 20.7)","20.1","(18.9, 21.5)","24.8","(23.4, 26.4)","24.6","(23.2, 26.0)"
"-70.87497458","42.71863218",MA,Massachusetts,Rowley,"2558370","1416","11.8","( 9.2, 14.9)","11.9","( 9.3, 14.7)","19.1","(17.9, 20.3)","19.6","(18.4, 20.9)","25.5","(24.0, 27.2)","24.3","(22.8, 25.8)"
"-71.05369716","42.40718776",MA,Massachusetts,Everett,"2521990","41667","15.6","(14.8, 16.3)","15.5","(14.7, 16.2)","19.4","(19.1, 19.7)","19.2","(18.9, 19.5)","26.1","(25.8, 26.4)","26.2","(25.9, 26.5)"
"-71.403245","42.45510363",MA,Massachusetts,West Concord,"2575680","6028","8.8","( 6.6, 11.0)","8.8","( 7.0, 11.0)","15.4","(14.6, 16.4)","15.6","(14.8, 16.6)","21.2","(20.2, 22.2)","20.9","(19.9, 21.9)"
"-70.58573659","41.562475",MA,Massachusetts,Teaticket,"2569205","1692","11.2","( 8.9, 13.3)","13.4","(10.3, 16.5)","18.4","(17.3, 19.7)","20.8","(19.5, 22.2)","24.8","(23.1, 26.3)","25.2","(23.5, 26.7)"
"-73.11660371","42.68440072",MA,Massachusetts,North Adams,"2546225","13708","18.3","(16.5, 19.8)","20.2","(18.3, 22.1)","22.2","(21.3, 23.0)","22.6","(21.8, 23.4)","25.8","(25.0, 26.6)","27.1","(26.3, 27.9)"
"-70.507356","41.56645783",MA,Massachusetts,Monomoscoy Island,"2541960","147","10.3","( 7.8, 12.8)","11.2","( 8.3, 14.3)","18.5","(17.3, 19.8)","20.2","(18.8, 21.6)","24.5","(22.7, 26.4)","23.8","(22.1, 25.5)"
"-70.77431137","42.63329722",MA,Massachusetts,Essex,"2521815","1471","10.4","( 7.7, 13.4)","10.5","( 7.8, 13.3)","18.4","(17.3, 19.6)","19.4","(18.2, 20.6)","25","(23.3, 26.7)","24","(22.4, 25.6)"
"-70.85212705","42.06490538",MA,Massachusetts,Hanson,"2528460","2118","14.8","(11.3, 18.3)","14.4","(11.2, 17.4)","19","(17.8, 20.4)","19.2","(17.9, 20.6)","24","(22.3, 25.5)","22.9","(21.4, 24.3)"
"-72.18724895","42.4910423",MA,Massachusetts,Petersham,"2553085","243","15.4","(11.8, 18.3)","16.3","(13.3, 19.5)","19.2","(17.9, 20.5)","20.4","(19.1, 21.7)","30.5","(28.7, 32.2)","29.4","(27.8, 31.0)"
"-72.07713813","42.60482143",MA,Massachusetts,Baldwinville,"2503355","2028","16.1","(12.2, 18.8)","16.7","(13.8, 19.5)","19.9","(18.8, 21.1)","21","(19.7, 22.3)","29.7","(28.2, 31.0)","29.8","(28.3, 31.1)"
"-70.10573","41.27808338",MA,Massachusetts,Nantucket,"2543755","7446","12.9","(11.4, 14.7)","12.2","(10.6, 13.9)","18.5","(17.8, 19.3)","18.2","(17.6, 19.0)","25.6","(24.6, 26.7)","24.8","(23.9, 25.9)"
"-70.22571395","41.7099999",MA,Massachusetts,Yarmouth Port,"2582595","5320","10.7","( 9.0, 12.5)","13.5","(11.3, 16.0)","17.7","(16.9, 18.6)","20.7","(19.7, 21.7)","24.7","(23.5, 25.9)","25.6","(24.3, 26.7)"
"-71.54681112","42.34939967",MA,Massachusetts,Marlborough,"2538715","38499","12.6","(11.8, 13.7)","12.4","(11.5, 13.4)","18.8","(18.4, 19.2)","18.8","(18.4, 19.3)","23.2","(22.7, 23.6)","22.8","(22.3, 23.3)"
"-70.76512494","42.21212905",MA,Massachusetts,North Scituate,"2549165","5077","9.6","( 7.8, 12.0)","9.8","( 7.9, 11.7)","16.9","(16.1, 17.7)","17.8","(17.0, 18.7)","22.1","(21.0, 23.3)","21.1","(20.1, 22.1)"
"-71.32171402","42.63887091",MA,Massachusetts,Lowell,"2537000","106519","15.9","(15.4, 16.4)","16.1","(15.6, 16.5)","18.8","(18.5, 19.0)","18.4","(18.2, 18.6)","24.1","(23.9, 24.3)","24.7","(24.5, 24.9)"
"-71.15426662","42.48687855",MA,Massachusetts,Woburn,"2581035","38120","11","(10.1, 11.9)","11.2","(10.3, 12.2)","17.9","(17.5, 18.4)","18.3","(17.9, 18.7)","21.8","(21.3, 22.3)","21.7","(21.2, 22.2)"
"-71.02418945","42.08206034",MA,Massachusetts,Brockton,"2509000","93810","19.7","(19.2, 20.2)","19.8","(19.3, 20.3)","19.2","(19.0, 19.4)","19.2","(19.0, 19.4)","29.5","(29.3, 29.7)","29.5","(29.3, 29.7)"
"-72.5559555","42.60033337",MA,Massachusetts,Turners Falls,"2570815","4470","17.5","(14.8, 19.3)","18.4","(15.6, 20.7)","21.7","(20.7, 22.8)","22.3","(21.3, 23.5)","27.5","(26.2, 28.7)","28","(26.7, 29.3)"
"-71.35766168","42.32899935",MA,Massachusetts,Cochituate,"2514570","6569","7.3","( 5.7,  9.2)","7.4","( 5.9,  9.3)","15.8","(15.1, 16.6)","16.7","(15.9, 17.6)","19.2","(18.3, 20.2)","18.4","(17.6, 19.2)"
"-71.28543013","42.30434407",MA,Massachusetts,Wellesley,"2574210","27982","7.6","( 6.7,  8.3)","8.2","( 7.5,  9.1)","17","(16.5, 17.6)","17.2","(16.8, 17.7)","20.9","(20.4, 21.4)","21.5","(21.1, 22.0)"
"-70.90703711","42.51063016",MA,Massachusetts,Salem,"2559105","41340","13.6","(12.6, 14.6)","14","(13.0, 15.0)","20.2","(19.8, 20.6)","20.1","(19.7, 20.5)","26.6","(26.2, 27.1)","27.1","(26.7, 27.6)"
"-72.65023823","42.1253234",MA,Massachusetts,West Springfield Town,"2577890","28391","15.7","(14.6, 17.2)","16.1","(14.9, 17.3)","21","(20.5, 21.5)","21.3","(20.8, 21.8)","29.1","(28.4, 29.6)","29.1","(28.5, 29.7)"
"-72.0393865","42.23474065",MA,Massachusetts,East Brookfield,"2518595","1323","15.1","(12.4, 18.8)","14.8","(11.4, 18.2)","19.3","(18.0, 20.7)","19.7","(18.4, 21.1)","29.5","(27.7, 31.1)","28.6","(26.9, 30.2)"
"-70.8879831","42.23651588",MA,Massachusetts,Hingham,"2530175","5650","9.2","( 7.7, 10.9)","9","( 7.5, 10.8)","16.7","(16.0, 17.5)","17.6","(16.8, 18.3)","21.7","(20.7, 22.7)","20.5","(19.6, 21.4)"
"-71.99247555","42.24508821",MA,Massachusetts,Spencer,"2566070","5700","20","(17.2, 22.7)","20.1","(17.4, 22.8)","21.6","(20.5, 22.9)","21.9","(20.7, 23.2)","32","(30.8, 33.2)","32","(30.7, 33.2)"
"-71.136245","42.3840328",MA,Massachusetts,Cambridge,"2511000","105162","7.9","( 7.5,  8.3)","8.2","( 7.9,  8.5)","17.3","(17.1, 17.5)","16.4","(16.2, 16.5)","19","(18.8, 19.2)","21","(20.8, 21.2)"
"-70.20040505","41.66939507",MA,Massachusetts,South Yarmouth,"2566035","11092","13.8","(12.3, 15.2)","15.5","(13.8, 17.1)","19.1","(18.4, 19.7)","21","(20.3, 21.8)","25.6","(24.6, 26.5)","26.1","(25.2, 27.0)"
"-71.24381995","42.13708274",MA,Massachusetts,Walpole,"2572460","5918","11.5","( 9.1, 13.7)","12","( 9.7, 14.3)","18.2","(17.2, 19.2)","19.1","(18.1, 20.2)","24.8","(23.6, 25.8)","24.2","(23.0, 25.2)"
"-71.29489221","41.93111026",MA,Massachusetts,Attleboro,"2502690","43593","15.6","(14.1, 16.6)","15.4","(14.3, 16.4)","21.3","(20.9, 21.8)","21.5","(21.1, 22.0)","26.3","(25.8, 26.8)","25.8","(25.3, 26.3)"
"-70.73655036","42.18672533",MA,Massachusetts,Scituate,"2560295","5245","11.5","( 9.0, 14.2)","12.1","( 9.3, 15.0)","17.5","(16.3, 18.7)","18.7","(17.5, 20.1)","22.9","(21.4, 24.6)","22.2","(20.8, 23.7)"
"-70.19796275","42.04555962",MA,Massachusetts,Provincetown,"2555535","2642","12.7","( 9.9, 16.4)","12.4","( 9.3, 15.5)","18","(16.8, 19.3)","19","(17.8, 20.2)","26.9","(25.0, 28.8)","25.4","(23.8, 27.0)"
"-70.60385252","41.68672725",MA,Massachusetts,Pocasset,"2554450","2851","12.2","(10.2, 14.2)","14.2","(11.8, 16.7)","18.5","(17.5, 19.4)","20.8","(19.8, 22.0)","25","(23.6, 26.3)","25.4","(24.1, 26.7)"
"-71.10225136","42.30916082",MA,Massachusetts,Boston,"2507000","617594","13.1","(12.9, 13.4)","14","(13.8, 14.2)","19.9","(19.8, 20.0)","19","(18.9, 19.1)","21.9","(21.8, 22.0)","23.6","(23.5, 23.7)"
"-72.6720518","42.26514079",MA,Massachusetts,Easthampton Town,"2519370","16053","13.1","(11.7, 15.1)","13.1","(11.4, 14.8)","20.3","(19.6, 21.0)","20.7","(19.9, 21.4)","23.4","(22.5, 24.3)","22.9","(22.0, 23.8)"
"-72.5194505","42.33891112",MA,Massachusetts,South Amherst,"2562675","4994","9.2","( 7.4, 11.8)","11.3","( 9.4, 13.4)","20.1","(18.8, 21.7)","18.5","(17.7, 19.5)","18.9","(17.8, 20.1)","23.1","(22.0, 24.3)"
"-71.54106275","42.12796914",MA,Massachusetts,Hopedale,"2530980","3753","13.3","(10.5, 16.0)","13.2","(10.1, 16.2)","18.7","(17.6, 20.0)","19.5","(18.2, 20.7)","28.6","(26.9, 30.2)","27.9","(26.3, 29.3)"
"-71.35443025","42.16480752",MA,Massachusetts,Millis-Clicquot,"2541532","4403","11","( 8.3, 14.3)","10.6","( 8.0, 13.4)","18.2","(16.9, 19.4)","18.4","(17.2, 19.7)","24.1","(22.4, 25.6)","23","(21.5, 24.3)"
"-70.50817905","41.68455202",MA,Massachusetts,Forestdale,"2524190","4099","15.9","(13.6, 18.7)","15","(12.4, 17.8)","21.4","(20.2, 22.8)","21.4","(20.2, 22.7)","27.5","(25.8, 29.1)","26.1","(24.6, 27.6)"
"-72.5243782","42.26324323",MA,Massachusetts,Granby,"2526500","1368","11.7","( 9.5, 14.5)","11.8","( 9.1, 15.0)","19.3","(18.2, 20.7)","20.1","(18.9, 21.5)","22.3","(20.9, 23.9)","21.8","(20.3, 23.3)"
"-71.17744578","42.36997893",MA,Massachusetts,Watertown Town,"2573440","31915","8.9","( 7.8,  9.7)","8.8","( 7.8,  9.7)","17.7","(17.2, 18.1)","17.7","(17.2, 18.1)","20.3","(19.8, 20.7)","20.2","(19.8, 20.7)"
"-71.05900818","42.45561485",MA,Massachusetts,Melrose,"2540115","26983","9.3","( 8.4, 10.8)","9.2","( 8.1, 10.3)","17.7","(17.2, 18.3)","18.3","(17.8, 18.8)","21.2","(20.6, 21.8)","20.6","(20.0, 21.2)"
"-70.7036625","42.0214281",MA,Massachusetts,South Duxbury,"2563690","3360","7.9","( 5.6, 11.1)","8.2","( 6.1, 10.8)","16.2","(15.2, 17.3)","17.1","(16.1, 18.1)","21.2","(19.9, 22.7)","20.1","(18.9, 21.4)"
"-72.30319806","42.59721331",MA,Massachusetts,Orange,"2551230","4018","18.7","(15.3, 21.6)","18.6","(15.6, 21.4)","22.5","(21.1, 23.8)","22.5","(21.1, 23.8)","27.9","(26.3, 29.5)","27.5","(25.9, 29.0)"
"-73.20121325","42.70871133",MA,Massachusetts,Williamstown,"2579950","4325","8.8","( 7.2, 10.8)","12.5","(10.5, 14.6)","19.7","(18.4, 21.3)","19.9","(18.8, 20.8)","17.7","(16.6, 18.8)","22.9","(21.7, 24.0)"
"-71.05309025","42.54853908",MA,Massachusetts,Lynnfield,"2537595","11596","10.2","( 8.5, 12.4)","10.5","( 8.5, 12.5)","17.8","(17.0, 18.7)","18.9","(18.0, 19.8)","23.8","(22.7, 25.0)","23","(22.0, 24.2)"
"-69.99182213","41.68060636",MA,Massachusetts,West Chatham,"2575505","1410","10.5","( 7.9, 12.8)","11.5","( 9.0, 14.2)","17.8","(16.8, 18.8)","19.5","(18.5, 20.7)","24.9","(23.5, 26.3)","24.6","(23.3, 25.9)"
"-71.6855346","42.41821744",MA,Massachusetts,Clinton,"2514430","7389","16.6","(15.1, 18.5)","16.9","(15.1, 18.7)","20","(19.3, 20.7)","20.1","(19.4, 20.9)","31.5","(30.6, 32.3)","31.4","(30.6, 32.2)"
"-71.17949103","42.39598978",MA,Massachusetts,Belmont,"2505105","24729","7.5","( 6.9,  8.1)","7.6","( 6.9,  8.3)","16.4","(16.0, 16.7)","16.9","(16.5, 17.3)","19.6","(19.3, 20.0)","19","(18.6, 19.3)"
"-71.77167098","42.52087855",MA,Massachusetts,Leominster,"2535075","40759","16.6","(15.7, 17.7)","16.7","(15.8, 17.7)","19.6","(19.2, 20.0)","20","(19.6, 20.4)","31.6","(31.2, 32.2)","31.4","(30.9, 31.9)"
"-72.51884558","42.375687",MA,Massachusetts,Amherst Center,"2501360","19065","11.9","(10.2, 13.4)","15.7","(13.6, 18.1)","25.6","(24.1, 27.1)","21.4","(20.5, 22.5)","19.9","(18.5, 21.5)","26.5","(25.3, 27.6)"
"-72.522729","42.40735657",MA,Massachusetts,North Amherst,"2546295","6819","12.3","( 9.9, 15.6)","15.6","(13.4, 18.0)","23.4","(21.7, 25.3)","19.9","(18.9, 20.9)","20.2","(18.6, 21.9)","25.9","(24.7, 27.2)"
"-71.656072","42.54405504",MA,Massachusetts,Shirley,"2561555","1441","13.4","(10.4, 15.7)","13.8","(11.1, 16.4)","19.3","(18.0, 20.5)","19.9","(18.7, 21.1)","23.3","(21.9, 24.6)","23","(21.7, 24.2)"
"-70.51914252","41.39029552",MA,Massachusetts,Edgartown,"2521115","644","13.6","(10.6, 16.1)","14.4","(11.5, 17.4)","19.2","(18.0, 20.5)","20.2","(19.0, 21.6)","24.3","(22.7, 25.9)","24.4","(22.8, 26.1)"
"-69.95684798","41.67951993",MA,Massachusetts,Chatham,"2512960","1421","9.2","( 7.6, 11.0)","11","( 9.0, 13.2)","16.8","(16.0, 17.8)","19.3","(18.3, 20.2)","23.7","(22.5, 24.9)","24.4","(23.2, 25.6)"
"-71.22024925","42.72258624",MA,Massachusetts,Methuen Town,"2540710","47252","14.5","(13.7, 15.2)","14.7","(13.9, 15.4)","19.7","(19.3, 20.0)","20","(19.6, 20.4)","27.2","(26.8, 27.5)","27","(26.6, 27.3)"
"-70.62500995","41.6392225",MA,Massachusetts,North Falmouth,"2547730","3084","8.6","( 6.6, 10.5)","9.8","( 7.4, 12.5)","17","(15.9, 18.2)","19.2","(18.0, 20.5)","22.5","(21.1, 24.1)","22.5","(21.1, 24.2)"
"-70.87420654","42.28295698",MA,Massachusetts,Hull,"2531680","10293","12.7","(11.0, 14.1)","12.7","(11.0, 14.7)","18.3","(17.5, 19.0)","18.8","(18.1, 19.5)","23.8","(22.9, 24.8)","22.6","(21.8, 23.5)"
"-71.10257763","41.72762402",MA,Massachusetts,Fall River,"2523000","88857","21.6","(21.1, 22.3)","22.3","(21.6, 22.9)","24.2","(23.9, 24.5)","24.5","(24.2, 24.8)","29.2","(29.0, 29.4)","29.6","(29.3, 29.8)"
"-69.97197074","41.26348419",MA,Massachusetts,Siasconset,"2561940","205","9.8","( 7.5, 13.1)","10.5","( 7.9, 13.4)","17.8","(16.7, 19.1)","19.4","(18.2, 20.8)","23.2","(21.5, 25.0)","22.8","(21.1, 24.7)"
"-71.57065348","42.60836211",MA,Massachusetts,Groton,"2527445","1124","9.2","( 7.1, 10.7)","9.2","( 7.5, 11.2)","18.3","(17.4, 19.2)","19","(18.2, 20.0)","21.8","(20.6, 22.8)","20.7","(19.7, 21.7)"
"-70.53346939","41.79040073",MA,Massachusetts,Sagamore,"2558965","3623","13.2","(11.2, 15.3)","13.3","(11.1, 15.3)","19.8","(18.8, 20.8)","20.6","(19.6, 21.6)","25.6","(24.3, 27.0)","24.7","(23.5, 26.0)"
"-71.19482199","42.18604722",MA,Massachusetts,Norwood,"2550285","28602","11.4","(10.2, 12.5)","11.7","(10.7, 12.9)","17.8","(17.3, 18.2)","18.3","(17.8, 18.7)","24.5","(24.0, 25.1)","24.5","(23.9, 25.0)"
"-70.7633825","41.70092094",MA,Massachusetts,Marion Center,"2538575","1111","12.1","( 9.3, 15.1)","13","( 9.8, 16.6)","17.2","(16.0, 18.5)","19.1","(17.8, 20.4)","23.2","(21.8, 24.7)","22.6","(21.2, 24.1)"
"-70.98218456","42.37860596",MA,Massachusetts,Winthrop Town,"2581005","17497","13.5","(12.1, 14.8)","13.6","(12.3, 14.9)","20.5","(19.9, 21.0)","21","(20.4, 21.6)","21.4","(20.8, 22.0)","20.9","(20.3, 21.5)"
"-70.86209349","42.56882142",MA,Massachusetts,Beverly,"2505595","39502","11.8","(11.0, 13.0)","12.5","(11.4, 13.7)","19.7","(19.2, 20.3)","20","(19.5, 20.5)","24.7","(24.1, 25.3)","25.2","(24.6, 25.8)"
"-70.9590365","42.11804521",MA,Massachusetts,Abington,"2500135","15985","14","(12.1, 15.7)","13.7","(12.0, 15.4)","18.7","(18.1, 19.4)","18.8","(18.1, 19.5)","23.7","(22.8, 24.5)","23","(22.2, 23.8)"
"-71.7061655","42.67255148",MA,Massachusetts,Townsend,"2570325","1128","12","( 9.2, 15.0)","12.1","( 9.6, 14.8)","19.3","(18.1, 20.5)","19.7","(18.5, 21.0)","22.6","(21.2, 23.9)","22.2","(20.8, 23.5)"
"-70.0013738","41.78988113",MA,Massachusetts,Orleans,"2551405","1621","10.2","( 7.7, 12.4)","12.5","( 9.9, 15.3)","17.5","(16.5, 18.5)","20.1","(19.1, 21.3)","24.3","(22.6, 25.9)","25.3","(23.8, 26.8)"
"-70.36045615","41.67286573",MA,Massachusetts,Barnstable Town,"2503690","45193","13.9","(13.1, 14.6)","15","(14.2, 15.8)","19.6","(19.3, 19.9)","20.8","(20.4, 21.1)","25.9","(25.5, 26.3)","25.8","(25.4, 26.2)"
"-71.8747939","42.04464016",MA,Massachusetts,Webster,"2573930","11412","18.7","(17.4, 20.0)","19.3","(17.9, 20.9)","20.8","(20.2, 21.4)","21.2","(20.6, 21.8)","31.7","(31.0, 32.5)","32.2","(31.5, 32.9)"
"-70.73110346","41.99646567",MA,Massachusetts,Kingston,"2533185","5591","13.9","(11.4, 16.5)","13.7","(11.3, 16.0)","18.6","(17.7, 19.5)","18.9","(18.0, 19.8)","23.9","(22.6, 25.0)","23.1","(22.0, 24.2)"
"-71.17765349","42.24662678",MA,Massachusetts,Dedham,"2516530","24729","10.5","( 9.2, 11.6)","10.9","( 9.9, 12.1)","17.3","(16.9, 17.9)","18.1","(17.7, 18.6)","24.4","(23.8, 25.0)","24.3","(23.8, 25.0)"
"-71.08455894","42.24102021",MA,Massachusetts,Milton,"2541725","27003","9.5","( 8.5, 10.7)","10.1","( 9.0, 11.2)","17","(16.5, 17.6)","17.6","(17.1, 18.2)","24.1","(23.5, 24.7)","24.2","(23.7, 24.8)"
"-70.06939186","41.69236178",MA,Massachusetts,Harwich Center,"2529055","1798","11.8","(10.3, 13.2)","13.4","(11.7, 15.0)","18.7","(18.0, 19.4)","20.7","(20.0, 21.4)","25.3","(24.3, 26.2)","25.2","(24.4, 26.1)"
"-72.57192835","42.04755432",MA,Massachusetts,Longmeadow,"2536335","15784","9.1","( 7.8, 10.8)","9.8","( 8.2, 11.4)","18.1","(17.4, 18.9)","19.5","(18.7, 20.4)","24.4","(23.5, 25.4)","24.1","(23.1, 25.1)"
"-70.68895256","41.97288385",MA,Massachusetts,North Plymouth,"2548780","3600","18","(15.0, 21.5)","18.1","(15.0, 21.1)","20","(18.8, 21.1)","20.1","(18.9, 21.2)","26.2","(24.9, 27.5)","26.4","(25.1, 27.7)"
"-70.24714497","41.65219302",MA,Massachusetts,West Yarmouth,"2578795","6012","14.5","(13.1, 16.4)","15.6","(13.7, 17.7)","19.9","(19.1, 20.7)","21.1","(20.3, 22.0)","26.1","(25.1, 27.0)","26.3","(25.3, 27.3)"
"-70.13591543","41.66786877",MA,Massachusetts,Dennis Port,"2516810","3162","14.8","(12.6, 17.2)","16.1","(13.6, 18.4)","20.1","(19.2, 21.1)","21.2","(20.3, 22.2)","27.5","(26.2, 28.7)","27.5","(26.2, 28.7)"
"-72.10273665","42.2149999",MA,Massachusetts,Brookfield,"2509070","833","17.2","(14.2, 20.2)","16.8","(13.7, 20.2)","20.4","(19.2, 21.7)","20.4","(19.2, 21.7)","31","(29.3, 32.7)","30","(28.5, 31.7)"
"-70.61612565","42.64507973",MA,Massachusetts,Rockport,"2557845","4966","9.5","( 7.4, 11.3)","10.4","( 8.2, 12.8)","18","(17.1, 19.0)","19.5","(18.5, 20.6)","24.1","(22.8, 25.4)","23.7","(22.5, 25.0)"
"-71.41128083","42.08621126",MA,Massachusetts,Franklin Town,"2525172","31635","10.8","( 9.2, 11.9)","10.5","( 9.2, 11.8)","18.3","(17.8, 18.9)","18.3","(17.8, 18.9)","24.1","(23.4, 24.9)","23.2","(22.5, 23.9)"
"-70.93053307","42.42425881",MA,Massachusetts,Nahant,"2543615","3410","10.1","( 7.9, 12.7)","10.7","( 7.9, 13.5)","17.9","(16.7, 19.1)","19.2","(17.9, 20.5)","24.5","(22.8, 26.1)","23.7","(22.2, 25.2)"
"-70.46744835","41.61227058",MA,Massachusetts,Mashpee Neck,"2539152","1000","12.4","(10.3, 14.9)","12.5","(10.0, 15.1)","19.2","(18.0, 20.4)","20.2","(18.9, 21.4)","25.5","(23.8, 27.1)","24.5","(23.0, 26.1)"
"-71.59038724","42.6694132",MA,Massachusetts,Pepperell,"2552770","2504","12.1","( 9.7, 14.0)","12.1","(10.1, 14.1)","19.5","(18.6, 20.5)","19.7","(18.8, 20.7)","22.6","(21.6, 23.6)","22.3","(21.2, 23.2)"
"-70.078855","41.76085578",MA,Massachusetts,Brewster,"2507945","2000","9","( 7.0, 11.4)","10.8","( 8.1, 13.6)","17.2","(16.1, 18.3)","19.8","(18.5, 21.0)","22.9","(21.2, 24.6)","23.4","(21.8, 24.9)"
"-71.09428766","41.90358398",MA,Massachusetts,Taunton,"2569170","55874","18.8","(18.0, 19.6)","18.8","(17.9, 19.7)","23.1","(22.7, 23.5)","23.4","(22.9, 23.8)","28.4","(28.0, 28.8)","28.1","(27.7, 28.5)"
"-72.24599866","42.25489421",MA,Massachusetts,Ware,"2572845","6170","17.3","(15.3, 20.1)","17.8","(15.3, 20.3)","22","(21.0, 23.1)","22.4","(21.4, 23.6)","25.8","(24.7, 27.0)","25.9","(24.8, 27.2)"
"-71.23070648","42.44563028",MA,Massachusetts,Lexington,"2535250","31394","5.9","( 5.4,  6.4)","6","( 5.5,  6.6)","14.3","(14.1, 14.6)","15.3","(15.0, 15.6)","17.9","(17.6, 18.3)","17.1","(16.8, 17.4)"
"-70.6021199","41.72062645",MA,Massachusetts,Monument Beach,"2542670","2790","13.1","(11.1, 14.9)","14.1","(11.6, 16.6)","19.8","(18.8, 20.7)","20.8","(19.9, 21.8)","26","(24.6, 27.4)","25.5","(24.2, 26.7)"
"-71.05396091","42.17784705",MA,Massachusetts,Randolph Town,"2556000","32112","14.1","(13.2, 14.9)","14.3","(13.4, 15.1)","16.7","(16.4, 17.1)","16.9","(16.5, 17.2)","28.5","(28.0, 28.9)","28.2","(27.8, 28.7)"
"-70.55602673","41.57118131",MA,Massachusetts,East Falmouth,"2518980","6038","14.3","(12.6, 16.0)","15.8","(13.9, 17.8)","19.8","(19.1, 20.5)","21.5","(20.7, 22.3)","26.5","(25.6, 27.4)","26.4","(25.5, 27.3)"
"-71.24231313","42.38891388",MA,Massachusetts,Waltham,"2572600","60632","9.7","( 9.1, 10.3)","10.3","( 9.7, 10.9)","17.8","(17.4, 18.1)","17.4","(17.1, 17.7)","20.5","(20.2, 20.8)","21.9","(21.6, 22.2)"
"-71.00568312","42.14705019",MA,Massachusetts,Holbrook,"2530420","10791","13.6","(12.2, 14.9)","13.7","(12.2, 15.3)","18.9","(18.2, 19.6)","19.3","(18.6, 20.0)","26.6","(25.7, 27.5)","26.2","(25.3, 27.0)"
"-71.24826591","42.06442331",MA,Massachusetts,Foxborough,"2524855","5625","11.1","( 9.0, 13.1)","11.3","( 9.2, 13.4)","18.3","(17.4, 19.3)","18.7","(17.7, 19.6)","24.3","(23.2, 25.4)","24","(22.9, 25.1)"
"-70.97255217","42.53351488",MA,Massachusetts,Peabody,"2552490","51251","13.5","(12.5, 14.5)","14.5","(13.6, 15.6)","19.3","(18.9, 19.7)","20.4","(20.0, 20.9)","25.9","(25.4, 26.4)","26.1","(25.6, 26.6)"
"-70.94463206","42.85294806",MA,Massachusetts,Amesbury Town,"2501260","16283","13.5","(12.1, 14.8)","13.1","(11.6, 14.6)","20.1","(19.4, 20.8)","20.4","(19.7, 21.0)","26","(25.1, 26.7)","25.1","(24.3, 25.8)"
"-70.73366645","41.73348459",MA,Massachusetts,Weweantic,"2578850","2105","17","(14.0, 19.5)","17.6","(14.7, 20.5)","19.5","(18.4, 20.7)","20.1","(19.0, 21.4)","25.7","(24.4, 27.0)","25.3","(23.9, 26.5)"
"-70.15782758","41.73936674",MA,Massachusetts,East Dennis,"2518840","2753","10.9","( 9.6, 12.5)","13.3","(11.7, 15.1)","17.6","(17.0, 18.3)","20.7","(20.0, 21.4)","24.7","(23.7, 25.7)","25.3","(24.4, 26.2)"
"-72.53952002","42.11550322",MA,Massachusetts,Springfield,"2567000","153060","19.4","(19.0, 19.9)","20.1","(19.7, 20.5)","21.3","(21.2, 21.6)","21.1","(21.0, 21.3)","36","(35.8, 36.2)","36.9","(36.7, 37.1)"
"-72.64111991","42.21249898",MA,Massachusetts,Holyoke,"2530840","39880","18.4","(17.8, 19.1)","19.2","(18.4, 20.0)","21.3","(20.9, 21.7)","21.6","(21.2, 22.0)","34.6","(34.1, 35.0)","35.4","(35.0, 35.9)"
"-70.49917566","41.58311446",MA,Massachusetts,Seabrook,"2560505","455","9.5","( 6.9, 12.0)","11.2","( 8.6, 14.1)","17.2","(16.1, 18.5)","20","(18.7, 21.3)","23.6","(21.9, 25.4)","23.7","(22.1, 25.4)"
"-73.16234375","42.56113884",MA,Massachusetts,Cheshire,"2513310","514","15.3","(11.9, 18.4)","15.9","(12.8, 19.5)","20.3","(18.9, 21.6)","20.8","(19.4, 22.3)","24","(22.4, 25.5)","23.7","(22.1, 25.2)"
"-72.57185822","42.17638341",MA,Massachusetts,Chicopee,"2513660","55298","17.7","(16.9, 18.4)","18.4","(17.6, 19.2)","22","(21.6, 22.3)","22.4","(22.1, 22.8)","30.8","(30.4, 31.2)","31.2","(30.8, 31.6)"
"-72.67453407","42.32663481",MA,Massachusetts,Northampton,"2546330","28549","11.1","(10.3, 12.1)","11.7","(10.7, 12.8)","20.6","(20.1, 21.2)","20.6","(20.1, 21.1)","22.2","(21.7, 22.8)","22.8","(22.3, 23.4)"
"-70.94213213","41.60546589",MA,Massachusetts,Bliss Corner,"2506170","5295","14.7","(12.7, 16.9)","16.3","(13.8, 18.7)","20.7","(19.8, 21.7)","22.7","(21.7, 23.8)","25","(24.0, 26.0)","25.6","(24.6, 26.5)"
"-71.951944","42.36753341",MA,Massachusetts,Rutland,"2558790","2111","12.7","( 9.9, 15.9)","12.6","( 9.9, 15.5)","18.9","(17.7, 20.0)","19.3","(18.1, 20.5)","28.3","(26.5, 30.0)","27.3","(25.6, 28.9)"
"-70.68995999","42.62516712",MA,Massachusetts,Gloucester,"2526150","28789","13.7","(12.8, 14.8)","14.3","(13.3, 15.4)","19.8","(19.3, 20.3)","20.7","(20.2, 21.1)","26.6","(26.0, 27.1)","26.1","(25.6, 26.6)"
"-70.18485667","41.28263296",MA,Massachusetts,Madaket,"2537735","236","10.6","( 8.0, 13.8)","11.5","( 8.5, 14.7)","17.4","(16.2, 18.7)","19.2","(17.9, 20.5)","23.7","(21.7, 25.6)","23.1","(21.3, 25.0)"
"-73.11862214","42.62776159",MA,Massachusetts,Adams,"2500590","5515","16.8","(15.0, 18.9)","17.7","(15.5, 19.9)","20.5","(19.7, 21.5)","21.6","(20.6, 22.7)","24.8","(23.9, 25.9)","24.9","(23.8, 25.9)"
"-70.67184","42.10900746",MA,Massachusetts,Ocean Bluff-Brant Rock,"2550862","4970","14","(11.3, 17.1)","13.9","(11.0, 17.0)","19","(17.7, 20.2)","19.3","(18.1, 20.6)","24.5","(22.8, 26.0)","23.4","(21.9, 25.0)"
"-70.92606375","41.89454121",MA,Massachusetts,Middleborough Center,"2540885","7319","17.7","(14.1, 20.8)","17.5","(14.2, 20.5)","20.1","(18.9, 21.4)","20.2","(19.0, 21.5)","25.7","(24.2, 27.1)","25.6","(24.0, 26.9)"
"-72.43450608","42.13408343",MA,Massachusetts,Wilbraham,"2579705","3915","11.8","( 9.8, 14.0)","13.3","(10.7, 15.9)","18.8","(17.7, 19.9)","20.8","(19.6, 22.0)","26.2","(24.9, 27.6)","26.5","(25.2, 27.9)"
"-71.103662","42.38603872",MA,Massachusetts,Somerville,"2562535","75754","9.9","( 9.3, 10.5)","10.1","( 9.6, 10.7)","18.6","(18.3, 18.9)","17.7","(17.4, 17.9)","20.6","(20.4, 20.9)","22","(21.7, 22.3)"
"-70.95513507","42.63930938",MA,Massachusetts,Topsfield,"2570115","2717","8.9","( 6.1, 12.0)","9.5","( 7.1, 12.4)","17.2","(16.1, 18.5)","18.8","(17.6, 20.2)","23.2","(21.7, 24.8)","22.9","(21.5, 24.5)"
"-70.65906217","42.07485574",MA,Massachusetts,Green Harbor-Cedar Crest,"2527147","2609","13.4","(10.1, 17.4)","13.2","(10.5, 16.4)","18.8","(17.5, 20.1)","19.3","(18.0, 20.6)","24.3","(22.8, 25.9)","23","(21.6, 24.4)"
"-70.95044414","42.57485734",MA,Massachusetts,Danvers,"2516285","26493","12.1","(10.8, 13.4)","12.6","(11.2, 14.0)","19.2","(18.6, 19.7)","20.1","(19.4, 20.7)","25","(24.3, 25.7)","24.7","(23.9, 25.4)"
"-71.00255731","42.20359173",MA,Massachusetts,Braintree Town,"2507740","35744","11.8","(11.0, 12.7)","12","(11.1, 13.0)","17.9","(17.5, 18.3)","18.6","(18.1, 19.0)","24.2","(23.7, 24.7)","23.8","(23.3, 24.3)"
"-71.00478629","42.41848078",MA,Massachusetts,Revere,"2556585","51746","16.4","(15.6, 17.2)","16.7","(15.9, 17.5)","20.5","(20.1, 20.9)","20.6","(20.2, 21.0)","23","(22.6, 23.3)","23.2","(22.8, 23.5)"
"-72.15072225","42.23799793",MA,Massachusetts,West Brookfield,"2575365","1413","13.4","(11.1, 15.7)","16","(12.9, 19.1)","18","(16.9, 19.2)","20.6","(19.3, 21.9)","28.4","(26.7, 29.9)","29.4","(27.8, 31.0)"
"-70.94422708","41.67139107",MA,Massachusetts,New Bedford,"2545000","95072","20.8","(20.4, 21.4)","21.6","(21.1, 22.1)","23.5","(23.3, 23.8)","23.8","(23.6, 24.0)","29.9","(29.7, 30.1)","30.5","(30.3, 30.7)"
"-70.86384657","42.49902077",MA,Massachusetts,Marblehead,"2538435","19808","8.8","( 7.7, 10.0)","8.9","( 7.7, 10.2)","17.8","(17.3, 18.5)","18.8","(18.2, 19.5)","24.1","(23.2, 24.9)","22.9","(22.2, 23.6)"
"-71.03256054","42.39651684",MA,Massachusetts,Chelsea,"2513205","35177","17.3","(16.4, 18.1)","17.1","(16.3, 18.0)","20.1","(19.6, 20.6)","19.7","(19.2, 20.1)","26.1","(25.7, 26.5)","26.4","(26.0, 26.8)"
"-69.99691975","41.85424955",MA,Massachusetts,North Eastham,"2547590","1806","10.4","( 8.7, 12.4)","12.2","( 9.9, 14.7)","17.9","(16.9, 18.8)","20.3","(19.3, 21.3)","24.2","(22.9, 25.5)","24.5","(23.2, 25.8)"
"-71.14630602","42.45178935",MA,Massachusetts,Winchester,"2580545","21374","7","( 6.2,  8.3)","7.1","( 6.2,  8.0)","15.8","(15.4, 16.3)","16.8","(16.3, 17.2)","19.3","(18.8, 19.9)","18.5","(18.0, 19.0)"
"-71.14077914","42.3242838",MA,Massachusetts,Brookline,"2509210","58732","7.6","( 7.1,  8.1)","7.8","( 7.3,  8.3)","16.9","(16.7, 17.2)","16.5","(16.3, 16.8)","20.8","(20.5, 21.1)","21.6","(21.3, 21.9)"
"-70.90642579","41.68507114",MA,Massachusetts,Acushnet Center,"2500530","3073","16.6","(14.9, 18.6)","17.3","(15.1, 19.6)","22","(21.1, 23.0)","22.9","(21.9, 24.1)","25.8","(24.8, 26.7)","25.9","(24.9, 26.9)"
"-71.02187618","42.24934568",MA,Massachusetts,Quincy,"2555745","92271","12.9","(12.4, 13.4)","13","(12.5, 13.6)","17.1","(16.9, 17.3)","17.2","(17.0, 17.4)","23.2","(23.0, 23.5)","23.3","(23.1, 23.6)"
"-70.60906986","41.55192512",MA,Massachusetts,Falmouth,"2523070","3799","11.6","( 9.4, 13.7)","13.9","(11.5, 16.6)","18.1","(17.2, 19.1)","20.8","(19.8, 21.9)","24.6","(23.4, 25.8)","25.5","(24.3, 26.7)"
"-70.90674736","42.47590454",MA,Massachusetts,Swampscott,"2568680","13787","9.8","( 8.5, 11.6)","10.2","( 8.5, 11.9)","18","(17.3, 18.8)","19.1","(18.3, 19.8)","23.9","(22.9, 24.8)","23.3","(22.3, 24.2)"
"-70.63542802","41.5983419",MA,Massachusetts,West Falmouth,"2575960","1738","9.7","( 7.8, 11.6)","10.6","( 8.9, 12.7)","17.6","(16.8, 18.5)","19.6","(18.7, 20.5)","23.7","(22.5, 24.9)","23.2","(22.1, 24.4)"
"-71.16261467","42.70024364",MA,Massachusetts,Lawrence,"2534550","76380","17.2","(16.7, 17.8)","17.3","(16.8, 17.9)","19.6","(19.3, 19.9)","19.2","(18.9, 19.5)","33.5","(33.2, 33.7)","34","(33.7, 34.3)"
"-71.43675643","42.30854055",MA,Massachusetts,Framingham,"2524960","68318","11.9","(11.3, 12.4)","12.1","(11.5, 12.7)","18.3","(18.0, 18.6)","18.5","(18.2, 18.7)","22.7","(22.5, 23.0)","22.9","(22.6, 23.2)"
"-70.43416795","41.73647955",MA,Massachusetts,East Sandwich,"2520380","3940","9.3","( 7.5, 11.4)","10.2","( 8.1, 12.7)","18.3","(17.3, 19.5)","19.5","(18.4, 20.6)","23.2","(21.9, 24.7)","22.7","(21.4, 24.0)"
"-70.0640963","41.6724533",MA,Massachusetts,Harwich Port,"2529090","1644","9.8","( 8.0, 11.6)","12.6","(10.1, 15.4)","17.3","(16.4, 18.2)","20.8","(19.7, 22.0)","24.3","(22.9, 25.6)","25.2","(23.8, 26.6)"
"-72.59474728","42.47953952",MA,Massachusetts,South Deerfield,"2563620","1880","13.1","( 9.7, 16.5)","13.1","(10.1, 16.5)","20.1","(18.8, 21.7)","20.8","(19.4, 22.4)","25.1","(23.4, 26.9)","24.4","(22.7, 26.1)"
"-72.10637994","42.4230077",MA,Massachusetts,Barre,"2503705","1009","14.5","(11.3, 17.6)","15.6","(12.5, 18.8)","19.3","(18.1, 20.6)","20.3","(19.1, 21.6)","29.1","(27.4, 30.6)","29.2","(27.6, 30.8)"
"-72.23023409","42.59364209",MA,Massachusetts,Athol,"2502515","8265","19","(17.2, 20.8)","19.3","(17.4, 21.3)","21.2","(20.5, 22.0)","21.4","(20.7, 22.2)","32","(31.2, 32.8)","31.9","(31.1, 32.7)"
"-72.15305537","42.05449685",MA,Massachusetts,Holland,"2530630","1464","16","(12.7, 19.2)","15.4","(12.6, 18.1)","21.3","(20.1, 22.6)","21.4","(20.3, 22.7)","29.6","(28.0, 31.3)","28.2","(26.8, 29.8)"
"-70.73218306","42.14820761",MA,Massachusetts,Marshfield Hills,"2538960","2356","11.4","( 9.5, 13.8)","11.4","( 9.4, 13.6)","17.2","(16.3, 18.2)","18","(17.1, 18.9)","23.2","(22.0, 24.4)","21.8","(20.7, 22.8)"
"-73.26052197","42.45170851",MA,Massachusetts,Pittsfield,"2553960","44737","16.6","(15.8, 17.6)","17.5","(16.6, 18.4)","20.4","(20.0, 20.8)","21.2","(20.8, 21.6)","25.7","(25.3, 26.2)","25.9","(25.4, 26.4)"
"-70.78227649","42.09889945",MA,Massachusetts,North Pembroke,"2548710","3292","12.4","( 9.1, 15.9)","12","( 9.4, 15.2)","18.1","(17.0, 19.4)","18.2","(17.0, 19.5)","22.6","(21.1, 24.1)","21.6","(20.2, 23.1)"
"-71.56449623","42.39182442",MA,Massachusetts,Hudson,"2531575","14907","11.9","(10.4, 13.4)","11.7","(10.4, 13.3)","18.9","(18.2, 19.6)","19.2","(18.5, 20.0)","22.4","(21.7, 23.1)","21.8","(21.2, 22.5)"
"-71.6191505","42.53573127",MA,Massachusetts,Devens,"2516840","1840","10","( 7.3, 12.7)","10.1","( 7.8, 12.7)","14.8","(13.8, 16.0)","14.2","(13.5, 15.2)","25.1","(23.6, 27.0)","26.4","(25.2, 28.0)"
